Nombre,Telefono,Email
Alicia Ramirez,0414 555-0100,alicia.ramirez001@example.com
Luis Luna,0414 555-0101,luis.luna002@example.com
Hector Castillo,0414 555-0102,hector.castillo003@example.com
Elena Torres,0414 555-0103,elena.torres004@example.com
Nicolas Sanchez,0414 555-0104,nicolas.sanchez005@example.com
Marcos Luna,0414 555-0105,marcos.luna006@example.com
Patricia Perez,0414 555-0106,patricia.perez007@example.com
Carmen Ruiz,0414 555-0107,carmen.ruiz008@example.com
Maria Martinez,0414 555-0108,maria.martinez009@example.com
Jorge Hernandez,0414 555-0109,jorge.hernandez010@example.com
Elena Cabrera,0414 555-0110,elena.cabrera011@example.com
Samuel Martinez,0414 555-0111,samuel.martinez012@example.com
Adriana Diaz,0414 555-0112,adriana.diaz013@example.com
alvaro Arias,0414 555-0113,alvaro.arias014@example.com
Beatriz Figueroa,0414 555-0114,beatriz.figueroa015@example.com
Rosa Vargas,0414 555-0115,rosa.vargas016@example.com
Irene Soto,0414 555-0116,irene.soto017@example.com
Hector Garcia,0414 555-0117,hector.garcia018@example.com
Jimena Rivera,0414 555-0118,jimena.rivera019@example.com
Beatriz Ruiz,0414 555-0119,beatriz.ruiz020@example.com
Pablo Ortega,0416 555-0120,pablo.ortega021@example.com
Diego Hernandez,0416 555-0121,diego.hernandez022@example.com
Jimena Navarro,0416 555-0122,jimena.navarro023@example.com
Lucia Perez,0416 555-0123,lucia.perez024@example.com
Marta Sanchez,0416 555-0124,marta.sanchez025@example.com
Natalia Cruz,0416 555-0125,natalia.cruz026@example.com
Samuel Morales,0416 555-0126,samuel.morales027@example.com
Maria Salazar,0416 555-0127,maria.salazar028@example.com
Raul Figueroa,0416 555-0128,raul.figueroa029@example.com
Miguel Herrera,0416 555-0129,miguel.herrera030@example.com
Jorge Campos,0416 555-0130,jorge.campos031@example.com
Isabella Molina,0416 555-0131,isabella.molina032@example.com
Veronica Reyes,0416 555-0132,veronica.reyes033@example.com
Gonzalo Diaz,0416 555-0133,gonzalo.diaz034@example.com
alvaro Gonzalez,0416 555-0134,alvaro.gonzalez035@example.com
Maria Nu¤ez,0416 555-0135,maria.nunez036@example.com
Elena Carrasco,0416 555-0136,elena.carrasco037@example.com
Isabella Perez,0412 555-0137,isabella.perez038@example.com
Elena Sanchez,0412 555-0138,elena.sanchez039@example.com
Marta Ortega,0412 555-0139,marta.ortega040@example.com
Raul Molina,0412 555-0140,raul.molina041@example.com
Sergio Rivera,0412 555-0141,sergio.rivera042@example.com
Sergio Cruz,0412 555-0142,sergio.cruz043@example.com
Fernando Nu¤ez,0412 555-0143,fernando.nunez044@example.com
Hector Fuentes,0412 555-0144,hector.fuentes045@example.com
Marcos Arias,0412 555-0145,marcos.arias046@example.com
Sofia Aguilar,0412 555-0146,sofia.aguilar047@example.com
Alicia Rivera,0412 555-0147,alicia.rivera048@example.com
Patricia Salazar,0412 555-0148,patricia.salazar049@example.com
Ricardo Rivera,0412 555-0149,ricardo.rivera050@example.com
Raul Herrera,0412 555-0150,raul.herrera051@example.com
Hector Molina,0412 555-0151,hector.molina052@example.com
Beatriz Campos,0412 555-0152,beatriz.campos053@example.com
Elena Leon,0412 555-0153,elena.leon054@example.com
Daniela Carrasco,0412 555-0154,daniela.carrasco055@example.com
Emilio Lopez,0412 555-0155,emilio.lopez056@example.com
Elena Rodriguez,0412 555-0156,elena.rodriguez057@example.com
Daniela Medina,0412 555-0157,daniela.medina058@example.com
Hector Gonzalez,0412 555-0158,hector.gonzalez059@example.com
Fernando Vega,0412 555-0159,fernando.vega060@example.com
alvaro Rojas,0424 555-0160,alvaro.rojas061@example.com
Fernando Arias,0424 555-0161,fernando.arias062@example.com
Esteban Medina,0424 555-0162,esteban.medina063@example.com
Hugo Suarez,0424 555-0163,hugo.suarez064@example.com
Diego Morales,0424 555-0164,diego.morales065@example.com
Valentina Castillo,0424 555-0165,valentina.castillo066@example.com
Nicolas Campos,0424 555-0166,nicolas.campos067@example.com
Patricia Morales,0424 555-0167,patricia.morales068@example.com
Nicolas Soto,0424 555-0168,nicolas.soto069@example.com
Victor Soto,0424 555-0169,victor.soto070@example.com
Alberto Reyes,0424 555-0170,alberto.reyes071@example.com
Elena Torres,0424 555-0171,elena.torres072@example.com
Noelia Paredes,0424 555-0172,noelia.paredes073@example.com
Jorge Benitez,0424 555-0173,jorge.benitez074@example.com
Carlos Ramirez,0424 555-0174,carlos.ramirez075@example.com
Diego Molina,0424 555-0175,diego.molina076@example.com
Camila Leon,0424 555-0176,camila.leon077@example.com
Victor Aguilar,0424 555-0177,victor.aguilar078@example.com
Sofia Herrera,0424 555-0178,sofia.herrera079@example.com
Marta Aguilar,0424 555-0179,marta.aguilar080@example.com
Raul Ibarra,0424 555-0180,raul.ibarra081@example.com
Gabriela Campos,0424 555-0181,gabriela.campos082@example.com
Ana Leon,0424 555-0182,ana.leon083@example.com
Lorena Ramirez,0416 555-0183,lorena.ramirez084@example.com
Marcos Figueroa,0416 555-0184,marcos.figueroa085@example.com
Jimena Ortega,0416 555-0185,jimena.ortega086@example.com
Emilio Arias,0416 555-0186,emilio.arias087@example.com
Pablo Ramirez,0416 555-0187,pablo.ramirez088@example.com
Isabella Ruiz,0416 555-0188,isabella.ruiz089@example.com
Camila Suarez,0416 555-0189,camila.suarez090@example.com
Ana Salazar,0416 555-0190,ana.salazar091@example.com
Lorena Morales,0416 555-0191,lorena.morales092@example.com
Noelia Benitez,0416 555-0192,noelia.benitez093@example.com
Andres Cabrera,0416 555-0193,andres.cabrera094@example.com
Lucia Molina,0416 555-0194,lucia.molina095@example.com
Tomas Molina,0416 555-0195,tomas.molina096@example.com
Noelia Aguilar,0416 555-0196,noelia.aguilar097@example.com
Paula Flores,0416 555-0197,paula.flores098@example.com
Sergio Benitez,0416 555-0198,sergio.benitez099@example.com
Camila Figueroa,0416 555-0199,camila.figueroa100@example.com
